{
    "restaurant":[
        {
            "description": "Best quality Cotton from assam",
"original_price": "200",
"image": "https://images.meesho.com/images/products/63508767/wukoz_512.jpg",
"discounted_price": "250",
 "payment_methods": {
    "card": false,
    "cash": false,
    "upi": true,
    "all": true
},
"rating": "3.6",
"sizes": ["M","L","XL"],
"title": "Trendy Fashil_price"
        },
        {
            "description": "Best quality Cotton from assam",
"image": "https://images.meesho.com/images/products/66279137/qtgpw_512.jpg",
"discounted_price": "316",
 "payment_methods": {
            "card": true,
            "cash": false,
            "upi": false,
            "all": true
        },
"rating": "2.5",
"sizes": "512",
"title": "Zyka Restaurant",
"votes": "400"
        },
        {
            "description": "Mughlai, North Indian",
"original_price": "200",
"image": "https://b.zmtcdn.com/data/pictures/chains/8/2301178/33df3918cabbc5562b77f67a652906e3.jpg?fit=around|771.75:416.25&crop=771.75:416.25;*,*",
"discounted_price": "50",
 "payment_methods": {
            "card": true,
            "cash": false,
            "upi": false,
            "all": true
        },
"rating": "3.5",
"sizes": "600",
"title": "Chingari Family Restaurant",
"votes": "200"
        },
        {
            "description": "Mughlai",
"original_price": "500",
"image": "https://b.zmtcdn.com/data/pictures/3/19334713/f4b4f7d8066bc98dac217eba0144c4dd.jpg?fit=around|771.75:416.25&crop=771.75:416.25;*,*",
"discounted_price": "150",
 "payment_methods": {
            "card": false,
            "cash": true,
            "upi": false,
            "all": true
        },
"rating": "4.8",
"sizes": "500",
"title": "Tunday Kababi",
"votes": "300"
        }, {
            "description": "Pizza, Fast Food, Burger",
"original_price": "300",
"image": "https://b.zmtcdn.com/data/pictures/5/19104795/166c3fc48ce6e9faf103ab970ef34fcf.jpg?fit=around|771.75:416.25&crop=771.75:416.25;*,*",
"discounted_price": "350",
 "payment_methods": {
            "card": false,
            "cash": true,
            "upi": false,
            "all": true
        },
"rating": "1.6",
"sizes": "500",
"title": "Dodiscounted_priceic's Pizza",
"votes": "400"
        }, {
            "description": "Burger, Fast Food, Beverages",
"original_price": "500",
"image": "https://b.zmtcdn.com/data/pictures/1/19119691/e01ffc3a4d1f4a76e63b3250299f4793.jpg?fit=around|771.75:416.25&crop=771.75:416.25;*,*",
"discounted_price": "200",
 "payment_methods": {
            "card": false,
            "cash": false,
            "upi": true,
            "all": true
        },
"rating": "3.8",
"sizes": "500",
"title": "Burger King",
"votes": "700"
        }, {
            "description": "Burger, Fast Food, Beverages, Desserts",
"original_price": "500",
"image": "https://b.zmtcdn.com/data/pictures/5/2300035/9410759d611db9c62c3acc23c1f27e06.jpg?fit=around|771.75:416.25&crop=771.75:416.25;*,*",
"discounted_price": "450",
 "payment_methods": {
            "card": true,
            "cash": false,
            "upi": false,
            "all": true
        },
"rating": "4.5",
"sizes": "700",
"title": "KFC",
"votes": "550"
        }, {
            "description": "North Indian",
"original_price": "400",
"image": "https://b.zmtcdn.com/data/sizes_photos/498/377be06967a700d9f615f75f60d11498_1558407027.jpg?fit=around%7C200%3A200&crop=200%3A200%3B%2A%2C%2A",
"discounted_price": "150",
 "payment_methods": {
            "card": false,
            "cash": true,
            "upi": false,
            "all": true
        },
"rating": "3.5",
"sizes": "650",
"title": "Al Huda",
"votes": "500"
        },
        {
            "description": "South Indian",
"original_price": "650",
"image": "https://b.zmtcdn.com/data/sizes_photos/498/377be06967a700d9f615f75f60d11498_1558407027.jpg?fit=around%7C200%3A200&crop=200%3A200%3B%2A%2C%2A",
"discounted_price": "150",
 "payment_methods": {
            "card": false,
            "cash": true,
            "upi": false,
            "all": true
        },
"rating": "2.2",
"sizes": "625",
"title": "Sri Sai",
"votes": "700"
        },
        {
            "description": "North Indian, south indian",
"original_price": "700",
"image": "https://b.zmtcdn.com/data/sizes_photos/498/377be06967a700d9f615f75f60d11498_1558407027.jpg?fit=around%7C200%3A200&crop=200%3A200%3B%2A%2C%2A",
"discounted_price": "120",
 "payment_methods": {
            "card": false,
            "cash": true,
            "upi": false,
            "all": true
        },
"rating": "4.1",
"sizes": "750",
"title": "Satyam",
"votes": "800"
        },
        {
            "description": "North Indian",
"original_price": "500",
"image": "https://b.zmtcdn.com/data/sizes_photos/498/377be06967a700d9f615f75f60d11498_1558407027.jpg?fit=around%7C200%3A200&crop=200%3A200%3B%2A%2C%2A",
"discounted_price": "140",
 "payment_methods": {
            "card": false,
            "cash": true,
            "upi": false,
            "all": true
        },
"rating": "4.5",
"sizes": "350",
"title": "Alpha",
"votes": "700"
        },
        {
            "description": "South Indian",
"original_price": "400",
"image": "https://b.zmtcdn.com/data/sizes_photos/498/377be06967a700d9f615f75f60d11498_1558407027.jpg?fit=around%7C200%3A200&crop=200%3A200%3B%2A%2C%2A",
"discounted_price": "150",
 "payment_methods": {
            "card": false,
            "cash": true,
            "upi": false,
            "all": true
        },
"rating": "3.5",
"sizes": "650",
"title": "Al Huda",
"votes": "500"
        },
        {
            "description": "North Indian",
"original_price": "300",
"image": "https://b.zmtcdn.com/data/sizes_photos/498/377be06967a700d9f615f75f60d11498_1558407027.jpg?fit=around%7C200%3A200&crop=200%3A200%3B%2A%2C%2A",
"discounted_price": "150",
 "payment_methods": {
            "card": false,
            "cash": true,
            "upi": false,
            "all": true
        },
"rating": "2.9",
"sizes": "650",
"title": "Hyper",
"votes": "500"
        },
        {
            "description": "South Indian",
"original_price": "300",
"image": "https://images.travelandleisureindia.in/wp-content/uploads/2019/12/Indian-But-Not-Indian-Food-feature.jpg",
"discounted_price": "150",
 "payment_methods": {
            "card": false,
            "cash": true,
            "upi": false,
            "all": true
        },
"rating": "1.5",
"sizes": "250",
"title": "Nicer",
"votes": "100"
        },
        {
            "description": "South Indian",
"original_price": "540",
"image": "https://media-cdn.tripadvisor.com/media/photo-s/04/6f/e1/66/getlstd-property-photo.jpg",
"discounted_price": "100",
 "payment_methods": {
            "card": false,
            "cash": true,
            "upi": false,
            "all": true
        },
"rating": "2.8",
"sizes": "350",
"title": "The Park",
"votes": "200"
        },
        {
            "description": "South Indian, North Indian",
"original_price": "900",
"image": "https://d4t7t8y8xqo0t.cloudfront.net/resized/750X436/restaurant%2F664514%2Frestaurant020211210101846.png",
"discounted_price": "250",
 "payment_methods": {
            "card": false,
            "cash": true,
            "upi": false,
            "all": true
        },
"rating": "4.9",
"sizes": "950",
"title": "Eazy Dinner",
"votes": "900"
        },
        {
            "description": "North Indian",
"original_price": "600",
"image": "https://media-cdn.tripadvisor.com/media/photo-s/15/29/1b/fd/tulip-restaurant-green.jpg",
"discounted_price": "110",
 "payment_methods": {
            "card": false,
            "cash": true,
            "upi": false,
            "all": true
        },
"rating": "4.4",
"sizes": "750",
"title": "Tulips",
"votes": "370"
        },
        {
            "description": "South Indian",
"original_price": "500",
"image": "https://imgmedia.lbb.in/media/2019/10/5d957c4eae1db34652e2ddb8_1570077774767.jpg",
"discounted_price": "170",
 "payment_methods": {
            "card": false,
            "cash": true,
            "upi": false,
            "all": true
        },
"rating": "4.8",
"sizes": "950",
"title": "LBB",
"votes": "800"
        },
        {
            "description": "Korien Indian",
"original_price": "800",
"image": "https://chaibisket.com/wp-content/uploads/2019/07/the-square-restaurant-hotel-novotel-varun-beach-beach-road-visakhapatnam-restaurants-5gkcy.jpg",
"discounted_price": "160",
 "payment_methods": {
            "card": false,
            "cash": true,
            "upi": false,
            "all": true
        },
"rating": "1.8",
"sizes": "250",
"title": "Saghar",
"votes": "50"
        },
        {
            "description": "South Indian,Chinnes",
"original_price": "300",
"image": "https://media-cdn.tripadvisor.com/media/photo-s/02/8c/0b/4e/filename-the-square-restaurant.jpg",
"discounted_price": "140",
 "payment_methods": {
            "card": false,
            "cash": true,
            "upi": false,
            "all": true
        },
"rating": "3.8",
"sizes": "850",
"title": "The Square",
"votes": "200"
        }
        
    ]
}